Mr Hi,Actor 2
Actor 2,Mr Hi
Mr Hi,Actor 3
Mr Hi,Actor 4
Actor 4,Mr Hi
Mr Hi,Actor 5
Actor 5,Mr Hi
Mr Hi,Actor 6
Actor 7,Mr Hi
Mr Hi,Actor 8
Actor 8,Mr Hi
Mr Hi,Actor 9
Mr Hi,Actor 11
Actor 11,Mr Hi
Mr Hi,Actor 12
Actor 12,Mr Hi
Mr Hi,Actor 13
Mr Hi,Actor 14
Actor 14,Mr Hi
Mr Hi,Actor 18
Mr Hi,Actor 20
Actor 20,Mr Hi
Mr Hi,Actor 22
Actor 22,Mr Hi
Mr Hi,Actor 32
Actor 32,Mr Hi
Actor 2,Actor 3
Actor 2,Actor 4
Actor 4,Actor 2
Actor 2,Actor 8
Actor 2,Actor 14
Actor 2,Actor 18
Actor 18,Actor 2
Actor 2,Actor 20
Actor 2,Actor 22
Actor 22,Actor 2
Actor 2,Actor 31
Actor 3,Actor 4
Actor 3,Actor 8
Actor 8,Actor 3
Actor 3,Actor 9
Actor 3,Actor 10
Actor 3,Actor 14
Actor 14,Actor 3
Actor 3,Actor 28
Actor 3,Actor 29
Actor 3,Actor 33
Actor 33,Actor 3
Actor 4,Actor 8
Actor 4,Actor 13
Actor 13,Actor 4
Actor 4,Actor 14
Actor 14,Actor 4
Actor 5,Actor 7
Actor 7,Actor 5
Actor 5,Actor 11
Actor 11,Actor 5
Actor 6,Actor 7
Actor 6,Actor 11
Actor 11,Actor 6
Actor 6,Actor 17
Actor 7,Actor 17
Actor 17,Actor 7
Actor 9,Actor 31
Actor 31,Actor 9
Actor 9,Actor 33
John A,Actor 9
Actor 9,John A
John A,Actor 10
John A,Actor 14
Actor 15,Actor 33
Actor 33,Actor 15
John A,Actor 15
John A,Actor 16
John A,Actor 19
John A,Actor 20
John A,Actor 21
John A,Actor 23
John A,Actor 24
John A,Actor 25
Actor 24,Actor 26
Actor 26,Actor 24
Actor 24,Actor 28
Actor 24,Actor 30
Actor 30,Actor 24
Actor 24,Actor 33
Actor 25,Actor 26
Actor 25,Actor 28
Actor 28,Actor 25
Actor 25,Actor 32
Actor 26,Actor 32
Actor 32,Actor 26
Actor 27,Actor 30
John A,Actor 27
John A,Actor 28
Actor 29,Actor 32
John A,Actor 29
Actor 30,Actor 33
John A,Actor 30
Actor 31,Actor 33
Actor 33,Actor 31
John A,Actor 31
Actor 32,Actor 33
Actor 33,Actor 32
John A,Actor 32
John A,Actor 33
Actor 32,John A
